state,hospitals,hospitals_worse_than_expected,pct_hospitals_worse,excess_readmissions,est_excess_cost,avg_excess_ratio,national_cost_rank
FL,164,154,93.9,1421.0,21607586.0,1.0214,1
CA,253,226,89.3,1279.0,19434851.0,1.0085,2
NY,124,106,85.5,871.0,13239558.0,1.0033,3
MA,52,47,90.4,813.0,12351400.0,1.0279,4
NJ,61,57,93.4,707.0,10754154.0,1.0293,5
IL,109,101,92.7,705.0,10714326.0,1.0185,6
TX,244,193,79.1,678.0,10307772.0,1.0003,7
PA,126,112,88.9,637.0,9687649.0,0.9989,8
OH,111,95,85.6,480.0,7291436.0,1.0025,9
MI,83,71,85.5,437.0,6633852.0,1.0038,10
VA,69,58,84.1,318.0,4824445.0,0.9949,11
IN,76,65,85.5,302.0,4580868.0,0.9899,12
GA,88,74,84.1,291.0,4432459.0,1.0099,13
TN,71,59,83.1,252.0,3828625.0,1.0053,14
KY,59,53,89.8,244.0,3713067.0,1.0099,15
MO,63,55,87.3,231.0,3507744.0,1.0008,16
NC,77,64,83.1,222.0,3372030.0,0.9969,17
MS,50,45,90.0,209.0,3172953.0,1.0112,18
SC,51,44,86.3,198.0,3004640.0,1.0022,19
AZ,57,51,89.5,192.0,2910958.0,1.0012,20
AL,67,60,89.6,174.0,2645043.0,1.0094,21
LA,67,54,80.6,162.0,2468549.0,1.0106,22
MD,41,37,90.2,162.0,2457310.0,0.9864,23
AR,40,36,90.0,155.0,2354061.0,0.9937,24
CT,25,23,92.0,154.0,2344530.0,1.0002,25
OK,64,46,71.9,133.0,2025931.0,0.9903,26
WV,22,20,90.9,125.0,1903533.0,1.0074,27
NV,19,18,94.7,120.0,1816742.0,1.0137,28
WI,63,43,68.3,97.0,1484647.0,0.9817,29
IA,29,20,69.0,64.0,981542.0,0.9664,30
MN,44,31,70.5,64.0,971934.0,0.9793,31
WA,45,32,71.1,48.0,725140.0,0.9651,32
KS,42,26,61.9,44.0,666572.0,0.9456,33
NH,13,12,92.3,36.0,545806.0,0.9961,34
NE,22,15,68.2,29.0,441970.0,0.9764,35
RI,9,6,66.7,28.0,423342.0,0.9906,36
CO,45,25,55.6,26.0,390050.0,0.9657,37
AK,8,6,75.0,26.0,389622.0,0.9847,38
NM,23,16,69.6,16.0,244891.0,0.9844,39
HI,11,10,90.9,16.0,239662.0,0.9858,40
OR,32,17,53.1,12.0,183184.0,0.9633,41
DE,6,4,66.7,12.0,179428.0,0.9756,42
VT,6,5,83.3,11.0,173691.0,0.9876,43
ME,13,7,53.8,11.0,169268.0,0.9614,44
DC,6,5,83.3,10.0,157810.0,0.9936,45
SD,15,12,80.0,10.0,154909.0,0.9746,46
UT,29,16,55.2,6.0,92468.0,0.9632,47
WY,8,7,87.5,3.0,48581.0,0.984,48
MT,10,7,70.0,2.0,36734.0,0.9571,49
ND,7,6,85.7,2.0,28981.0,0.9531,50
ID,14,6,42.9,1.0,15128.0,0.9395,51
